Repository,Date,Stars
neuroinformatics-unit/movement,Apr 05 2020,0
neuroinformatics-unit/movement,Apr 06 2020,1
neuroinformatics-unit/movement,Nov 29 2023,14
neuroinformatics-unit/movement,Mar 10 2024,27
neuroinformatics-unit/movement,Mar 22 2024,40
neuroinformatics-unit/movement,May 24 2024,53
neuroinformatics-unit/movement,Jun 06 2024,66
neuroinformatics-unit/movement,Jul 11 2024,79
neuroinformatics-unit/movement,Sep 16 2024,92
neuroinformatics-unit/movement,Nov 25 2024,105
neuroinformatics-unit/movement,Feb 19 2025,118
neuroinformatics-unit/movement,Mar 05 2025,131
neuroinformatics-unit/movement,Mar 23 2025,144
neuroinformatics-unit/movement,Apr 03 2025,157
neuroinformatics-unit/movement,Apr 23 2025,170
neuroinformatics-unit/movement,Jun 19 2025,183
neuroinformatics-unit/movement,Sep 24 2025,196
neuroinformatics-unit/movement,Oct 22 2025,208
